opportunity_id,lead_id,company_name,assigned_executive,product,stage,potential_amount,probability,created_date,expected_close_date,last_contact_date,closed_date,result,sector,city,lead_source,lead_status,score_date,days_since_last_contact,opportunity_age_days,days_overdue,stage_score,probability_score,recency_score,age_score,deal_value_score,expected_close_score,opportunity_score,risk_level
OPP-0001,LEAD-0020,Logística Brisa del Norte SAC,Andrea Torres,Fondo Balanceado,Evaluación,55000,0.17,2025-12-05,2026-01-05,2026-09-17,,Open,Logística,Cusco,LinkedIn,Calificado,2026-09-21,4,290,259,5,4.25,20,0,4,0,33.25,HIGH
OPP-0002,LEAD-0122,Agroexportadora Altavista del Norte SAC,Andrea Torres,Gestión Patrimonial,Cerrado,107000,0,2025-11-02,2025-11-27,2025-12-28,2026-02-07,Lost,Agroindustria,Lima,LinkedIn,Convertido,2026-09-21,267,323,298,0,0,0,0,0,0,0.00,HIGH
OPP-0003,LEAD-0220,Servicios Horizonte del Valle SAC,Carlos Mendoza,Fondo Crecimiento,Cerrado,46000,1,2026-04-11,2026-05-21,2026-04-19,2026-05-04,Won,Servicios,Lima,Website,Convertido,2026-09-21,155,163,123,0,0,0,0,0,0,100.00,LOW
OPP-0004,LEAD-0050,Turismo Andina Central SAC,Lucía Vega,Fondo Balanceado,Cerrado,153000,0,2025-11-14,2025-12-14,2025-12-08,2026-01-10,Lost,Turismo,Trujillo,Website,Convertido,2026-09-21,287,311,281,0,0,0,0,0,0,0.00,HIGH
OPP-0005,LEAD-0199,Tecnología Nova del Pacífico SAC,Carlos Mendoza,Inversión Corporativa,Cerrado,441000,0,2026-05-16,2026-09-13,2026-06-28,2026-07-25,Lost,Tecnología,Lima,LinkedIn,Calificado,2026-09-21,85,128,8,0,0,0,0,0,0,0.00,HIGH
OPP-0006,LEAD-0036,Comercial Brisa Central SAC,Diego Salazar,Fondo Balanceado,Cerrado,379000,1,2026-04-17,2026-06-16,2026-05-24,2026-05-24,Won,Retail,Arequipa,Evento,Convertido,2026-09-21,120,157,97,0,0,0,0,0,0,100.00,LOW
OPP-0007,LEAD-0128,Minera Horizonte del Sol SAC,Carlos Mendoza,Inversión Corporativa,Evaluación,339000,0.29,2025-12-10,2026-03-14,2026-04-21,,Open,Minería,Arequipa,Referido,Convertido,2026-09-21,153,285,191,5,7.249999999999999,0,0,10,0,22.25,HIGH
OPP-0008,LEAD-0078,Constructora Cumbre Integral SAC,Lucía Vega,Fondo Conservador,Propuesta,83000,0.46,2025-10-26,2025-11-21,2026-02-15,,Open,Construcción,Piura,Prospección directa,Convertido,2026-09-21,218,330,304,18,11.5,0,0,4,0,33.50,HIGH
OPP-0009,LEAD-0100,Tecnología Cumbre Regional SAC,Carlos Mendoza,Fondo Balanceado,Cerrado,109000,1,2026-03-29,2026-05-14,2026-05-20,2026-06-19,Won,Tecnología,Huánuco,Referido,Convertido,2026-09-21,124,176,130,0,0,0,0,0,0,100.00,LOW
OPP-0010,LEAD-0138,Comercial Horizonte Perú SAC,Andrea Torres,Inversión Corporativa,Reunión,271000,0.36,2026-07-09,2026-09-23,2026-07-10,,Open,Retail,Lima,Referido,Calificado,2026-09-21,73,74,0,10,9.0,2,6,10,10,47.00,MEDIUM
OPP-0011,LEAD-0151,Comercial Horizonte Regional SAC,Lucía Vega,Gestión Patrimonial,Cerrado,99000,1,2026-02-03,2026-04-08,2026-02-08,2026-03-31,Won,Retail,Trujillo,Website,Convertido,2026-09-21,225,230,166,0,0,0,0,0,0,100.00,LOW
OPP-0012,LEAD-0188,Tecnología Brisa del Valle SAC,Andrea Torres,Fondo Conservador,Negociación,64000,0.73,2026-01-19,2026-02-10,2026-08-17,,Open,Tecnología,Chiclayo,Prospección directa,Calificado,2026-09-21,35,245,223,25,18.25,6,0,4,0,53.25,MEDIUM
OPP-0013,LEAD-0202,Industrias Altavista del Sol SAC,Diego Salazar,Inversión Corporativa,Negociación,396000,0.7,2026-02-16,2026-03-15,2026-04-10,,Open,Manufactura,Lima,Evento,Calificado,2026-09-21,164,217,190,25,17.5,0,0,10,0,52.50,MEDIUM
OPP-0014,LEAD-0155,Servicios Solaris del Norte SAC,Lucía Vega,Fondo Crecimiento,Negociación,134000,0.66,2026-06-10,2026-09-30,2026-07-07,,Open,Servicios,Piura,Prospección directa,Calificado,2026-09-21,76,103,0,25,16.5,2,3,6,10,62.50,MEDIUM
OPP-0015,LEAD-0165,Tecnología Horizonte Central SAC,Lucía Vega,Fondo Crecimiento,Negociación,80000,0.7,2026-03-21,2026-04-27,2026-09-11,,Open,Tecnología,Arequipa,LinkedIn,Calificado,2026-09-21,10,184,147,25,17.5,16,0,4,0,62.50,MEDIUM
OPP-0016,LEAD-0152,Agroexportadora Brisa del Pacífico SAC,Andrea Torres,Fondo Crecimiento,Negociación,116000,0.65,2026-05-04,2026-08-17,2026-06-24,,Open,Agroindustria,Lima,Referido,Calificado,2026-09-21,89,140,35,25,16.25,2,0,6,0,49.25,MEDIUM
OPP-0017,LEAD-0017,Servicios Aurora Perú SAC,Diego Salazar,Fondo Balanceado,Negociación,56000,0.8,2026-07-14,2026-10-06,2026-08-16,,Open,Servicios,Trujillo,LinkedIn,Calificado,2026-09-21,36,69,0,25,20.0,6,6,4,10,71.00,LOW
OPP-0018,LEAD-0074,Constructora Pacífico del Sur SAC,Lucía Vega,Fondo Conservador,Cerrado,283000,0,2025-11-28,2026-01-10,2025-12-29,2026-02-28,Lost,Construcción,Piura,LinkedIn,Calificado,2026-09-21,266,297,254,0,0,0,0,0,0,0.00,HIGH
OPP-0019,LEAD-0169,Agroexportadora Altavista Perú SAC,Carlos Mendoza,Fondo Balanceado,Cerrado,438000,1,2026-04-13,2026-08-09,2026-05-20,2026-05-23,Won,Agroindustria,Arequipa,Email,Calificado,2026-09-21,124,161,43,0,0,0,0,0,0,100.00,LOW
OPP-0020,LEAD-0105,Comercial Andina del Pacífico SAC,Andrea Torres,Fondo Balanceado,Negociación,132000,0.66,2025-12-19,2026-01-05,2026-08-28,,Open,Retail,Piura,Evento,Convertido,2026-09-21,24,276,259,25,16.5,12,0,6,0,59.50,MEDIUM
OPP-0021,LEAD-0174,Constructora Nova del Valle SAC,Lucía Vega,Fondo Crecimiento,Negociación,127000,0.76,2026-02-03,2026-02-27,2026-06-21,,Open,Construcción,Lima,LinkedIn,Convertido,2026-09-21,92,230,206,25,19.0,0,0,6,0,50.00,MEDIUM
OPP-0022,LEAD-0057,Comercial Cumbre Regional SAC,Andrea Torres,Fondo Crecimiento,Reunión,102000,0.35,2025-11-13,2025-12-15,2026-05-22,,Open,Retail,Lima,Prospección directa,Convertido,2026-09-21,122,312,280,10,8.75,0,0,6,0,24.75,HIGH
OPP-0023,LEAD-0016,Servicios Andina del Valle SAC,Andrea Torres,Fondo Crecimiento,Reunión,108000,0.35,2025-11-13,2025-12-20,2026-09-03,,Open,Servicios,Ica,Prospección directa,Calificado,2026-09-21,18,312,275,10,8.75,12,0,6,0,36.75,HIGH
OPP-0024,LEAD-0059,Logística Pacífico del Valle SAC,Andrea Torres,Inversión Corporativa,Propuesta,159000,0.52,2026-01-15,2026-04-25,2026-07-29,,Open,Logística,Chiclayo,Prospección directa,Convertido,2026-09-21,54,249,149,18,13.0,6,0,6,0,43.00,HIGH
OPP-0025,LEAD-0021,Logística Solaris del Valle SAC,Diego Salazar,Gestión Patrimonial,Evaluación,121000,0.15,2026-01-06,2026-04-24,2026-03-12,,Open,Logística,Arequipa,Referido,Convertido,2026-09-21,193,258,150,5,3.75,0,0,6,0,14.75,HIGH
OPP-0026,LEAD-0201,Servicios Brisa del Valle SAC,Carlos Mendoza,Inversión Corporativa,Cerrado,81000,0,2026-06-17,2026-07-06,2026-08-10,2026-09-12,Lost,Servicios,Ica,Website,Convertido,2026-09-21,42,96,77,0,0,0,0,0,0,0.00,HIGH
OPP-0027,LEAD-0026,Agroexportadora Nova del Sur SAC,Andrea Torres,Fondo Crecimiento,Cerrado,172000,0,2025-11-22,2026-02-26,2025-11-24,2026-01-04,Lost,Agroindustria,Lima,LinkedIn,Convertido,2026-09-21,301,303,207,0,0,0,0,0,0,0.00,HIGH
OPP-0028,LEAD-0111,Comercial Andina del Sur SAC,Carlos Mendoza,Fondo Conservador,Evaluación,75000,0.21,2026-06-29,2026-08-23,2026-07-21,,Open,Retail,Lima,Prospección directa,Convertido,2026-09-21,62,84,29,5,5.25,2,6,4,5,27.25,HIGH
OPP-0029,LEAD-0146,Logística Brisa del Sol SAC,Lucía Vega,Fondo Crecimiento,Propuesta,135000,0.55,2026-03-20,2026-05-31,2026-09-14,,Open,Logística,Lima,Prospección directa,Calificado,2026-09-21,7,185,113,18,13.750000000000002,20,0,6,0,57.75,MEDIUM
OPP-0030,LEAD-0145,Constructora Nova Perú SAC,Lucía Vega,Fondo Balanceado,Cerrado,45000,0,2025-10-16,2026-02-08,2025-11-28,2025-12-02,Lost,Construcción,Lima,Referido,Calificado,2026-09-21,297,340,225,0,0,0,0,0,0,0.00,HIGH
OPP-0031,LEAD-0197,Constructora Pacífico Global SAC,Diego Salazar,Fondo Crecimiento,Reunión,338000,0.3,2025-11-11,2026-01-17,2026-05-24,,Open,Construcción,Lima,Referido,Calificado,2026-09-21,120,314,247,10,7.5,0,0,10,0,27.50,HIGH
OPP-0032,LEAD-0203,Tecnología Brisa del Sol SAC,Lucía Vega,Gestión Patrimonial,Cerrado,79000,1,2025-10-25,2026-02-17,2025-11-27,2026-01-09,Won,Tecnología,Lima,Website,Convertido,2026-09-21,298,331,216,0,0,0,0,0,0,100.00,LOW
OPP-0033,LEAD-0158,Agroexportadora Cumbre Global SAC,Carlos Mendoza,Fondo Crecimiento,Cerrado,58000,1,2026-06-18,2026-10-13,2026-06-25,2026-07-12,Won,Agroindustria,Chiclayo,Website,Calificado,2026-09-21,88,95,0,0,0,0,0,0,0,100.00,LOW
OPP-0034,LEAD-0157,Minera Nova Perú SAC,Lucía Vega,Fondo Balanceado,Evaluación,166000,0.15,2025-12-13,2026-02-14,2026-06-06,,Open,Minería,Lima,Referido,Convertido,2026-09-21,107,282,219,5,3.75,0,0,6,0,14.75,HIGH
OPP-0035,LEAD-0044,Logística Cumbre del Norte SAC,Andrea Torres,Fondo Crecimiento,Evaluación,151000,0.29,2026-03-19,2026-06-20,2026-07-05,,Open,Logística,Lima,Referido,Calificado,2026-09-21,78,186,93,5,7.249999999999999,2,0,6,0,20.25,HIGH
OPP-0036,LEAD-0030,Constructora Solaris Integral SAC,Lucía Vega,Fondo Crecimiento,Propuesta,110000,0.58,2025-11-30,2026-01-04,2026-06-08,,Open,Construcción,Lima,LinkedIn,Convertido,2026-09-21,105,295,260,18,14.499999999999998,0,0,6,0,38.50,HIGH
OPP-0037,LEAD-0004,Minera Brisa del Sur SAC,Carlos Mendoza,Fondo Conservador,Propuesta,61000,0.62,2025-12-14,2026-01-31,2026-05-06,,Open,Minería,Trujillo,Referido,Calificado,2026-09-21,138,281,233,18,15.5,0,0,4,0,37.50,HIGH
OPP-0038,LEAD-0032,Industrias Cumbre del Norte SAC,Carlos Mendoza,Fondo Balanceado,Cerrado,41000,1,2025-10-26,2026-01-19,2025-11-11,2026-01-22,Won,Manufactura,Cusco,Website,Calificado,2026-09-21,314,330,245,0,0,0,0,0,0,100.00,LOW
OPP-0039,LEAD-0167,Constructora Andina del Valle SAC,Diego Salazar,Fondo Conservador,Cerrado,84000,0,2025-10-27,2026-02-24,2025-12-12,2025-12-18,Lost,Construcción,Lima,Prospección directa,Calificado,2026-09-21,283,329,209,0,0,0,0,0,0,0.00,HIGH
OPP-0040,LEAD-0040,Agroexportadora Andina del Sur SAC,Diego Salazar,Fondo Crecimiento,Evaluación,50000,0.3,2026-01-14,2026-03-07,2026-06-05,,Open,Agroindustria,Lima,Prospección directa,Convertido,2026-09-21,108,250,198,5,7.5,0,0,4,0,16.50,HIGH
OPP-0041,LEAD-0118,Servicios Aurora del Pacífico SAC,Diego Salazar,Fondo Balanceado,Cerrado,129000,0,2026-03-06,2026-05-22,2026-03-31,2026-05-20,Lost,Servicios,Lima,Website,Calificado,2026-09-21,174,199,122,0,0,0,0,0,0,0.00,HIGH
OPP-0042,LEAD-0086,Constructora Aurora del Norte SAC,Diego Salazar,Fondo Balanceado,Reunión,80000,0.37,2026-06-16,2026-08-17,2026-09-18,,Open,Construcción,Lima,Website,Convertido,2026-09-21,3,97,35,10,9.25,20,3,4,0,46.25,MEDIUM
OPP-0043,LEAD-0125,Comercial Aurora del Norte SAC,Lucía Vega,Fondo Balanceado,Cerrado,88000,1,2026-05-25,2026-07-13,2026-06-18,2026-07-07,Won,Retail,Lima,Referido,Calificado,2026-09-21,95,119,70,0,0,0,0,0,0,100.00,LOW
OPP-0044,LEAD-0206,Comercial Prisma del Sol SAC,Andrea Torres,Fondo Conservador,Evaluación,112000,0.21,2026-06-21,2026-10-17,2026-07-08,,Open,Retail,Lima,Website,Convertido,2026-09-21,75,92,0,5,5.25,2,3,6,10,31.25,HIGH
OPP-0045,LEAD-0063,Comercial Solaris Global SAC,Diego Salazar,Fondo Balanceado,Evaluación,65000,0.22,2026-03-24,2026-07-21,2026-06-08,,Open,Retail,Chiclayo,Evento,Calificado,2026-09-21,105,181,62,5,5.5,0,0,4,0,14.50,HIGH
OPP-0046,LEAD-0043,Agroexportadora Altavista Regional SAC,Lucía Vega,Fondo Balanceado,Reunión,144000,0.32,2026-02-18,2026-05-04,2026-07-13,,Open,Agroindustria,Lima,Referido,Calificado,2026-09-21,70,215,140,10,8.0,2,0,6,0,26.00,HIGH
OPP-0047,LEAD-0096,Tecnología Horizonte Integral SAC,Carlos Mendoza,Fondo Conservador,Reunión,118000,0.41,2026-07-04,2026-10-29,2026-07-24,,Open,Tecnología,Piura,Website,Calificado,2026-09-21,59,79,0,10,10.25,6,6,6,10,48.25,MEDIUM
OPP-0048,LEAD-0031,Industrias Pacífico Global SAC,Lucía Vega,Fondo Crecimiento,Cerrado,53000,1,2026-06-12,2026-07-19,2026-08-10,2026-08-23,Won,Manufactura,Trujillo,Website,Calificado,2026-09-21,42,101,64,0,0,0,0,0,0,100.00,LOW
OPP-0049,LEAD-0064,Constructora Solaris del Sol SAC,Carlos Mendoza,Inversión Corporativa,Cerrado,54000,1,2026-01-02,2026-01-27,2026-01-14,2026-03-12,Won,Construcción,Arequipa,Prospección directa,Calificado,2026-09-21,250,262,237,0,0,0,0,0,0,100.00,LOW
OPP-0050,LEAD-0211,Servicios Brisa Regional SAC,Andrea Torres,Fondo Balanceado,Negociación,107000,0.73,2026-01-13,2026-03-09,2026-03-20,,Open,Servicios,Arequipa,Referido,Convertido,2026-09-21,185,251,196,25,18.25,0,0,6,0,49.25,MEDIUM
OPP-0051,LEAD-0009,Industrias Andina del Sol SAC,Carlos Mendoza,Inversión Corporativa,Cerrado,331000,0,2025-11-09,2026-02-02,2025-12-11,2026-01-13,Lost,Manufactura,Lima,Website,Convertido,2026-09-21,284,316,231,0,0,0,0,0,0,0.00,HIGH
OPP-0052,LEAD-0081,Industrias Horizonte del Valle SAC,Diego Salazar,Gestión Patrimonial,Cerrado,156000,0,2026-04-11,2026-08-04,2026-04-14,2026-04-27,Lost,Manufactura,Trujillo,Referido,Calificado,2026-09-21,160,163,48,0,0,0,0,0,0,0.00,HIGH
OPP-0053,LEAD-0104,Comercial Cumbre Perú SAC,Diego Salazar,Fondo Crecimiento,Reunión,83000,0.29,2026-05-17,2026-08-12,2026-07-20,,Open,Retail,Lima,Evento,Convertido,2026-09-21,63,127,40,10,7.249999999999999,2,0,4,0,23.25,HIGH
OPP-0054,LEAD-0139,Agroexportadora Horizonte Integral SAC,Carlos Mendoza,Fondo Crecimiento,Evaluación,50000,0.13,2026-01-11,2026-05-06,2026-03-24,,Open,Agroindustria,Lima,Prospección directa,Calificado,2026-09-21,181,253,138,5,3.25,0,0,4,0,12.25,HIGH
OPP-0055,LEAD-0127,Servicios Horizonte Integral SAC,Lucía Vega,Gestión Patrimonial,Evaluación,147000,0.3,2025-11-04,2026-01-20,2026-07-23,,Open,Servicios,Huánuco,Referido,Convertido,2026-09-21,60,321,244,5,7.5,6,0,6,0,24.50,HIGH
OPP-0056,LEAD-0204,Tecnología Altavista del Pacífico SAC,Diego Salazar,Fondo Crecimiento,Cerrado,316000,1,2026-01-31,2026-05-05,2026-02-28,2026-03-05,Won,Tecnología,Cusco,Website,Convertido,2026-09-21,205,233,139,0,0,0,0,0,0,100.00,LOW
OPP-0057,LEAD-0150,Turismo Prisma del Norte SAC,Diego Salazar,Fondo Crecimiento,Negociación,81000,0.72,2026-06-12,2026-07-03,2026-07-18,,Open,Turismo,Lima,Referido,Calificado,2026-09-21,65,101,80,25,18.0,2,3,4,0,52.00,MEDIUM
OPP-0058,LEAD-0019,Comercial Solaris del Pacífico SAC,Andrea Torres,Fondo Balanceado,Reunión,79000,0.34,2025-11-27,2026-01-20,2026-02-09,,Open,Retail,Lima,Evento,Calificado,2026-09-21,224,298,244,10,8.5,0,0,4,0,22.50,HIGH
OPP-0059,LEAD-0171,Minera Solaris Perú SAC,Diego Salazar,Gestión Patrimonial,Cerrado,114000,1,2025-11-11,2025-12-13,2025-12-02,2025-12-25,Won,Minería,Arequipa,LinkedIn,Convertido,2026-09-21,293,314,282,0,0,0,0,0,0,100.00,LOW
OPP-0060,LEAD-0212,Minera Aurora del Sol SAC,Diego Salazar,Inversión Corporativa,Evaluación,410000,0.23,2026-05-23,2026-08-23,2026-08-04,,Open,Minería,Ica,Prospección directa,Convertido,2026-09-21,48,121,29,5,5.75,6,0,10,5,31.75,HIGH
OPP-0061,LEAD-0094,Tecnología Pacífico del Pacífico SAC,Carlos Mendoza,Fondo Conservador,Cerrado,155000,1,2026-01-28,2026-05-17,2026-02-06,2026-04-05,Won,Tecnología,Arequipa,Evento,Calificado,2026-09-21,227,236,127,0,0,0,0,0,0,100.00,LOW
OPP-0062,LEAD-0178,Constructora Nova del Sur SAC,Diego Salazar,Gestión Patrimonial,Reunión,135000,0.3,2025-11-27,2025-12-20,2026-03-23,,Open,Construcción,Lima,LinkedIn,Convertido,2026-09-21,182,298,275,10,7.5,0,0,6,0,23.50,HIGH
OPP-0063,LEAD-0196,Tecnología Nova Regional SAC,Carlos Mendoza,Fondo Crecimiento,Cerrado,128000,0,2026-06-18,2026-09-13,2026-07-25,2026-09-08,Lost,Tecnología,Chiclayo,Website,Calificado,2026-09-21,58,95,8,0,0,0,0,0,0,0.00,HIGH
OPP-0064,LEAD-0134,Industrias Pacífico Central SAC,Diego Salazar,Fondo Conservador,Evaluación,63000,0.11,2025-10-04,2025-12-16,2026-04-24,,Open,Manufactura,Huánuco,LinkedIn,Convertido,2026-09-21,150,352,279,5,2.75,0,0,4,0,11.75,HIGH
OPP-0065,LEAD-0067,Industrias Prisma Integral SAC,Carlos Mendoza,Inversión Corporativa,Propuesta,70000,0.61,2026-02-14,2026-04-20,2026-09-01,,Open,Manufactura,Cusco,Website,Convertido,2026-09-21,20,219,154,18,15.25,12,0,4,0,49.25,MEDIUM
OPP-0066,LEAD-0239,Comercial Brisa del Sol SAC,Carlos Mendoza,Inversión Corporativa,Reunión,67000,0.39,2025-12-23,2026-01-29,2026-09-15,,Open,Retail,Chiclayo,Website,Convertido,2026-09-21,6,272,235,10,9.75,20,0,4,0,43.75,HIGH
OPP-0067,LEAD-0045,Tecnología Aurora Regional SAC,Diego Salazar,Fondo Crecimiento,Negociación,58000,0.67,2026-05-24,2026-07-14,2026-06-16,,Open,Tecnología,Cusco,Website,Convertido,2026-09-21,97,120,69,25,16.75,0,3,4,0,48.75,MEDIUM
OPP-0068,LEAD-0114,Comercial Andina Regional SAC,Carlos Mendoza,Fondo Balanceado,Negociación,100000,0.72,2025-11-13,2026-02-18,2026-06-13,,Open,Retail,Lima,Referido,Convertido,2026-09-21,100,312,215,25,18.0,0,0,6,0,49.00,MEDIUM
OPP-0069,LEAD-0182,Constructora Brisa del Sur SAC,Andrea Torres,Fondo Crecimiento,Evaluación,82000,0.1,2026-02-06,2026-04-22,2026-08-04,,Open,Construcción,Lima,LinkedIn,Calificado,2026-09-21,48,227,152,5,2.5,6,0,4,0,17.50,HIGH
OPP-0070,LEAD-0099,Agroexportadora Andina Integral SAC,Lucía Vega,Fondo Crecimiento,Evaluación,29000,0.19,2026-02-17,2026-06-03,2026-05-29,,Open,Agroindustria,Cusco,Prospección directa,Convertido,2026-09-21,115,216,110,5,4.75,0,0,2,0,11.75,HIGH
OPP-0071,LEAD-0015,Agroexportadora Altavista del Pacífico SAC,Lucía Vega,Fondo Crecimiento,Cerrado,79000,0,2025-12-29,2026-03-12,2026-02-26,2026-02-26,Lost,Agroindustria,Lima,LinkedIn,Convertido,2026-09-21,207,266,193,0,0,0,0,0,0,0.00,HIGH
OPP-0072,LEAD-0115,Minera Andina del Norte SAC,Andrea Torres,Fondo Conservador,Cerrado,94000,0,2026-02-14,2026-04-20,2026-02-17,2026-05-19,Lost,Minería,Ica,Email,Convertido,2026-09-21,216,219,154,0,0,0,0,0,0,0.00,HIGH
OPP-0073,LEAD-0085,Tecnología Prisma Integral SAC,Andrea Torres,Fondo Conservador,Negociación,111000,0.76,2026-06-27,2026-09-21,2026-07-07,,Open,Tecnología,Lima,LinkedIn,Convertido,2026-09-21,76,86,0,25,19.0,2,6,6,10,68.00,MEDIUM
OPP-0074,LEAD-0121,Servicios Andina del Pacífico SAC,Diego Salazar,Fondo Crecimiento,Cerrado,114000,1,2025-11-26,2025-12-19,2025-12-15,2026-02-10,Won,Servicios,Trujillo,LinkedIn,Calificado,2026-09-21,280,299,276,0,0,0,0,0,0,100.00,LOW
OPP-0075,LEAD-0214,Tecnología Prisma Global SAC,Lucía Vega,Inversión Corporativa,Evaluación,143000,0.3,2026-05-21,2026-07-13,2026-09-11,,Open,Tecnología,Lima,Website,Convertido,2026-09-21,10,123,70,5,7.5,16,0,6,0,34.50,HIGH
OPP-0076,LEAD-0190,Servicios Brisa del Sol SAC,Carlos Mendoza,Fondo Conservador,Propuesta,152000,0.64,2026-05-06,2026-07-11,2026-07-08,,Open,Servicios,Lima,Prospección directa,Calificado,2026-09-21,75,138,72,18,16.0,2,0,6,0,42.00,HIGH
OPP-0077,LEAD-0186,Logística Pacífico Integral SAC,Diego Salazar,Fondo Balanceado,Reunión,35000,0.34,2026-04-01,2026-05-19,2026-05-03,,Open,Logística,Arequipa,Referido,Calificado,2026-09-21,141,173,125,10,8.5,0,0,2,0,20.50,HIGH
OPP-0078,LEAD-0062,Turismo Altavista Central SAC,Diego Salazar,Fondo Balanceado,Negociación,101000,0.71,2026-06-11,2026-08-08,2026-07-02,,Open,Turismo,Cusco,Prospección directa,Calificado,2026-09-21,81,102,44,25,17.75,2,3,6,0,53.75,MEDIUM
OPP-0079,LEAD-0002,Servicios Brisa Integral SAC,Carlos Mendoza,Fondo Crecimiento,Reunión,108000,0.36,2026-07-17,2026-10-04,2026-08-31,,Open,Servicios,Piura,Referido,Calificado,2026-09-21,21,66,0,10,9.0,12,6,6,10,53.00,MEDIUM
OPP-0080,LEAD-0005,Agroexportadora Cumbre Integral SAC,Andrea Torres,Gestión Patrimonial,Evaluación,146000,0.13,2026-05-22,2026-08-05,2026-07-20,,Open,Agroindustria,Piura,LinkedIn,Calificado,2026-09-21,63,122,47,5,3.25,2,0,6,0,16.25,HIGH
OPP-0081,LEAD-0101,Servicios Prisma Global SAC,Andrea Torres,Fondo Crecimiento,Negociación,98000,0.75,2026-03-26,2026-07-02,2026-04-29,,Open,Servicios,Arequipa,LinkedIn,Calificado,2026-09-21,145,179,81,25,18.75,0,0,4,0,47.75,MEDIUM
OPP-0082,LEAD-0217,Constructora Brisa Integral SAC,Lucía Vega,Fondo Conservador,Reunión,145000,0.35,2026-04-03,2026-06-04,2026-07-28,,Open,Construcción,Lima,Website,Calificado,2026-09-21,55,171,109,10,8.75,6,0,6,0,30.75,HIGH
OPP-0083,LEAD-0092,Servicios Brisa del Norte SAC,Lucía Vega,Fondo Crecimiento,Evaluación,53000,0.3,2026-04-16,2026-07-14,2026-08-30,,Open,Servicios,Lima,Website,Convertido,2026-09-21,22,158,69,5,7.5,12,0,4,0,28.50,HIGH
OPP-0084,LEAD-0228,Logística Andina del Sur SAC,Lucía Vega,Inversión Corporativa,Reunión,428000,0.37,2026-05-05,2026-07-26,2026-09-05,,Open,Logística,Piura,Website,Calificado,2026-09-21,16,139,57,10,9.25,12,0,10,0,41.25,HIGH
OPP-0085,LEAD-0238,Tecnología Pacífico del Sur SAC,Lucía Vega,Fondo Balanceado,Negociación,57000,0.75,2025-11-26,2026-02-01,2026-07-10,,Open,Tecnología,Cusco,Prospección directa,Convertido,2026-09-21,73,299,232,25,18.75,2,0,4,0,49.75,MEDIUM
OPP-0086,LEAD-0047,Agroexportadora Aurora Integral SAC,Andrea Torres,Gestión Patrimonial,Negociación,56000,0.7,2026-01-14,2026-05-08,2026-03-21,,Open,Agroindustria,Lima,LinkedIn,Calificado,2026-09-21,184,250,136,25,17.5,0,0,4,0,46.50,MEDIUM
OPP-0087,LEAD-0131,Minera Aurora Global SAC,Andrea Torres,Fondo Balanceado,Propuesta,60000,0.45,2025-09-29,2025-12-10,2025-09-29,,Open,Minería,Cusco,Evento,Calificado,2026-09-21,357,357,285,18,11.25,0,0,4,0,33.25,HIGH
OPP-0088,LEAD-0195,Tecnología Prisma del Norte SAC,Carlos Mendoza,Fondo Conservador,Cerrado,100000,1,2026-06-26,2026-09-11,2026-07-26,2026-07-31,Won,Tecnología,Piura,Referido,Convertido,2026-09-21,57,87,10,0,0,0,0,0,0,100.00,LOW
OPP-0089,LEAD-0135,Comercial Prisma Central SAC,Diego Salazar,Gestión Patrimonial,Cerrado,105000,0,2025-11-14,2026-01-22,2026-01-15,2026-02-18,Lost,Retail,Lima,Referido,Convertido,2026-09-21,249,311,242,0,0,0,0,0,0,0.00,HIGH
OPP-0090,LEAD-0065,Tecnología Solaris del Norte SAC,Andrea Torres,Fondo Balanceado,Reunión,26000,0.36,2026-03-12,2026-03-28,2026-06-30,,Open,Tecnología,Lima,Prospección directa,Convertido,2026-09-21,83,193,177,10,9.0,2,0,2,0,23.00,HIGH
OPP-0091,LEAD-0234,Industrias Andina Central SAC,Carlos Mendoza,Gestión Patrimonial,Evaluación,33000,0.17,2025-12-29,2026-02-10,2026-01-01,,Open,Manufactura,Trujillo,Evento,Calificado,2026-09-21,263,266,223,5,4.25,0,0,2,0,11.25,HIGH
OPP-0092,LEAD-0191,Tecnología Aurora Global SAC,Carlos Mendoza,Gestión Patrimonial,Cerrado,50000,1,2026-05-11,2026-08-09,2026-07-21,2026-07-29,Won,Tecnología,Lima,Email,Calificado,2026-09-21,62,133,43,0,0,0,0,0,0,100.00,LOW
OPP-0093,LEAD-0173,Constructora Solaris Regional SAC,Diego Salazar,Fondo Conservador,Cerrado,72000,1,2026-01-08,2026-03-22,2026-02-19,2026-03-01,Won,Construcción,Trujillo,Email,Convertido,2026-09-21,214,256,183,0,0,0,0,0,0,100.00,LOW
OPP-0094,LEAD-0102,Logística Horizonte Central SAC,Diego Salazar,Fondo Balanceado,Propuesta,85000,0.49,2026-03-06,2026-05-03,2026-05-01,,Open,Logística,Trujillo,LinkedIn,Calificado,2026-09-21,143,199,141,18,12.25,0,0,4,0,34.25,HIGH
OPP-0095,LEAD-0025,Logística Andina del Valle SAC,Diego Salazar,Fondo Balanceado,Cerrado,165000,0,2025-12-20,2026-01-06,2026-01-19,2026-02-24,Lost,Logística,Lima,Prospección directa,Calificado,2026-09-21,245,275,258,0,0,0,0,0,0,0.00,HIGH
OPP-0096,LEAD-0054,Agroexportadora Andina Global SAC,Carlos Mendoza,Fondo Conservador,Evaluación,64000,0.26,2026-04-24,2026-05-30,2026-09-07,,Open,Agroindustria,Lima,Prospección directa,Calificado,2026-09-21,14,150,114,5,6.5,16,0,4,0,31.50,HIGH
OPP-0097,LEAD-0076,Logística Horizonte Integral SAC,Lucía Vega,Fondo Balanceado,Negociación,38000,0.73,2026-05-01,2026-08-22,2026-05-18,,Open,Logística,Lima,Prospección directa,Convertido,2026-09-21,126,143,30,25,18.25,0,0,2,5,50.25,MEDIUM
OPP-0098,LEAD-0109,Turismo Altavista del Pacífico SAC,Lucía Vega,Fondo Crecimiento,Evaluación,41000,0.1,2026-03-10,2026-03-31,2026-04-07,,Open,Turismo,Lima,Website,Calificado,2026-09-21,167,195,174,5,2.5,0,0,2,0,9.50,HIGH
OPP-0099,LEAD-0130,Constructora Nova Regional SAC,Carlos Mendoza,Fondo Conservador,Evaluación,53000,0.14,2026-01-17,2026-02-27,2026-03-27,,Open,Construcción,Arequipa,Evento,Calificado,2026-09-21,178,247,206,5,3.5000000000000004,0,0,4,0,12.50,HIGH
OPP-0100,LEAD-0103,Servicios Nova Perú SAC,Carlos Mendoza,Fondo Crecimiento,Evaluación,336000,0.26,2026-02-17,2026-04-07,2026-02-21,,Open,Servicios,Huánuco,Evento,Convertido,2026-09-21,212,216,167,5,6.5,0,0,10,0,21.50,HIGH
OPP-0101,LEAD-0035,Industrias Solaris del Sur SAC,Andrea Torres,Fondo Crecimiento,Cerrado,137000,0,2026-07-16,2026-10-04,2026-08-02,2026-08-06,Lost,Manufactura,Chiclayo,Referido,Convertido,2026-09-21,50,67,0,0,0,0,0,0,0,0.00,HIGH
OPP-0102,LEAD-0069,Comercial Prisma Perú SAC,Lucía Vega,Fondo Crecimiento,Cerrado,129000,1,2025-11-11,2025-12-21,2025-11-24,2026-01-28,Won,Retail,Cusco,Email,Convertido,2026-09-21,301,314,274,0,0,0,0,0,0,100.00,LOW
OPP-0103,LEAD-0137,Servicios Nova Regional SAC,Lucía Vega,Fondo Conservador,Cerrado,94000,1,2026-03-27,2026-05-26,2026-04-24,2026-05-06,Won,Servicios,Arequipa,Referido,Convertido,2026-09-21,150,178,118,0,0,0,0,0,0,100.00,LOW
OPP-0104,LEAD-0107,Comercial Pacífico del Norte SAC,Carlos Mendoza,Fondo Balanceado,Negociación,97000,0.8,2026-02-13,2026-04-11,2026-03-23,,Open,Retail,Piura,Referido,Calificado,2026-09-21,182,220,163,25,20.0,0,0,4,0,49.00,MEDIUM
OPP-0105,LEAD-0164,Agroexportadora Nova del Valle SAC,Carlos Mendoza,Fondo Conservador,Cerrado,153000,1,2025-10-31,2026-02-08,2025-12-13,2026-01-27,Won,Agroindustria,Lima,Website,Calificado,2026-09-21,282,325,225,0,0,0,0,0,0,100.00,LOW
OPP-0106,LEAD-0014,Comercial Brisa Regional SAC,Diego Salazar,Fondo Conservador,Cerrado,93000,0,2026-04-26,2026-06-12,2026-05-21,2026-05-23,Lost,Retail,Arequipa,Referido,Calificado,2026-09-21,123,148,101,0,0,0,0,0,0,0.00,HIGH
OPP-0107,LEAD-0219,Constructora Andina del Sol SAC,Lucía Vega,Fondo Conservador,Cerrado,72000,1,2025-11-29,2025-12-20,2026-01-27,2026-02-11,Won,Construcción,Ica,LinkedIn,Calificado,2026-09-21,237,296,275,0,0,0,0,0,0,100.00,LOW
OPP-0108,LEAD-0147,Turismo Pacífico Integral SAC,Lucía Vega,Gestión Patrimonial,Cerrado,141000,1,2025-11-28,2026-03-25,2026-01-20,2026-01-28,Won,Turismo,Trujillo,Referido,Convertido,2026-09-21,244,297,180,0,0,0,0,0,0,100.00,LOW
OPP-0109,LEAD-0098,Turismo Horizonte del Valle SAC,Lucía Vega,Fondo Balanceado,Propuesta,49000,0.46,2026-03-13,2026-03-29,2026-06-21,,Open,Turismo,Lima,Referido,Calificado,2026-09-21,92,192,176,18,11.5,0,0,2,0,31.50,HIGH
OPP-0110,LEAD-0022,Servicios Prisma Integral SAC,Diego Salazar,Fondo Crecimiento,Reunión,77000,0.44,2026-05-15,2026-07-03,2026-06-30,,Open,Servicios,Lima,LinkedIn,Convertido,2026-09-21,83,129,80,10,11.0,2,0,4,0,27.00,HIGH
OPP-0111,LEAD-0207,Agroexportadora Horizonte del Pacífico SAC,Andrea Torres,Fondo Conservador,Reunión,61000,0.39,2026-04-15,2026-06-03,2026-06-18,,Open,Agroindustria,Arequipa,Prospección directa,Calificado,2026-09-21,95,159,110,10,9.75,0,0,4,0,23.75,HIGH
OPP-0112,LEAD-0200,Servicios Aurora del Sur SAC,Andrea Torres,Fondo Crecimiento,Negociación,84000,0.7,2025-10-19,2025-11-17,2025-12-20,,Open,Servicios,Lima,Prospección directa,Convertido,2026-09-21,275,337,308,25,17.5,0,0,4,0,46.50,MEDIUM
OPP-0113,LEAD-0010,Tecnología Solaris del Valle SAC,Diego Salazar,Fondo Crecimiento,Evaluación,448000,0.23,2025-10-31,2026-01-29,2026-06-14,,Open,Tecnología,Cusco,Prospección directa,Calificado,2026-09-21,99,325,235,5,5.75,0,0,10,0,20.75,HIGH
OPP-0114,LEAD-0117,Servicios Pacífico del Sol SAC,Carlos Mendoza,Gestión Patrimonial,Cerrado,60000,1,2025-11-11,2026-03-05,2025-11-15,2026-01-13,Won,Servicios,Lima,LinkedIn,Convertido,2026-09-21,310,314,200,0,0,0,0,0,0,100.00,LOW
OPP-0115,LEAD-0226,Logística Altavista del Norte SAC,Diego Salazar,Fondo Crecimiento,Cerrado,147000,1,2025-11-23,2026-02-07,2025-11-29,2025-12-24,Won,Logística,Lima,Referido,Convertido,2026-09-21,296,302,226,0,0,0,0,0,0,100.00,LOW
OPP-0116,LEAD-0225,Agroexportadora Brisa del Sol SAC,Andrea Torres,Fondo Conservador,Evaluación,40000,0.2,2026-02-25,2026-03-13,2026-08-18,,Open,Agroindustria,Lima,LinkedIn,Calificado,2026-09-21,34,208,192,5,5.0,6,0,2,0,18.00,HIGH
OPP-0117,LEAD-0132,Agroexportadora Solaris del Pacífico SAC,Lucía Vega,Gestión Patrimonial,Cerrado,123000,1,2026-07-17,2026-10-12,2026-09-01,2026-09-16,Won,Agroindustria,Huánuco,Referido,Calificado,2026-09-21,20,66,0,0,0,0,0,0,0,100.00,LOW
OPP-0118,LEAD-0237,Constructora Nova del Norte SAC,Lucía Vega,Inversión Corporativa,Reunión,76000,0.44,2025-12-03,2025-12-30,2026-09-10,,Open,Construcción,Lima,LinkedIn,Calificado,2026-09-21,11,292,265,10,11.0,16,0,4,0,41.00,HIGH
OPP-0119,LEAD-0208,Servicios Horizonte Perú SAC,Diego Salazar,Fondo Crecimiento,Propuesta,76000,0.57,2026-03-10,2026-04-13,2026-08-20,,Open,Servicios,Trujillo,Referido,Convertido,2026-09-21,32,195,161,18,14.249999999999998,6,0,4,0,42.25,HIGH
OPP-0120,LEAD-0048,Constructora Aurora Global SAC,Carlos Mendoza,Gestión Patrimonial,Negociación,30000,0.81,2026-03-13,2026-05-27,2026-03-26,,Open,Construcción,Lima,LinkedIn,Calificado,2026-09-21,179,192,117,25,20.25,0,0,2,0,47.25,MEDIUM
